row_id,label
0208a6357f23cf53980f72dea42ade63.jpg,cirriform clouds
03775c45f7cc00d8aa7eccdb482b76af.jpg,cirriform clouds
04649cdcf0f8bc537233cdb724fee004.jpg,cirriform clouds
05817a2a04bb3c19684e39adbd0c6583.jpg,high cumuliform clouds
11595750ac2dd8fbce2f67ea40d21acd.jpg,cirriform clouds
18805becb7894a8f8ba128dcf9b99af6.jpg,cirriform clouds
2426a63aa874c3484a6f298077f342f5.jpg,cirriform clouds
311b601896e1990fd32cdcf6bd02c0d9.jpg,cirriform clouds
3267b238863e21c376f41503d971f24c.jpg,cirriform clouds
340555680976ad462eae36ec7ca31ec4.jpg,cirriform clouds
3605c63de44e6ecdd029e27e601b180e.jpg,cirriform clouds
373f0562a4a3aa4accad24e0cc94333e.jpg,cirriform clouds
477070a9441e9a6aa7502b77d1da9e93.jpg,cirriform clouds
5564e02494873cdee092ed6d107e9f7e.jpg,cirriform clouds
56822fcbd8d50f58da46508ed9d71143.jpg,cirriform clouds
572a04a100d1ad94219451108c278279.jpg,cirriform clouds
58370321dab3b462198ff5758726e54a.jpg,cirriform clouds
633ab9c52af31dd8b355b469e128244b.jpg,clear sky
6362e9004c226f192214fc31fc645367.jpg,cumulus clouds
676ef548882101510064cbd51e136aa6.jpg,cirriform clouds
7355dfd3d66da3a9d35cac2296e5821b.jpg,cirriform clouds
838975872c7ff0b8b502a8353dbca589.jpg,cirriform clouds
878e6330e086e1aa48df41d1862d4083.jpg,cirriform clouds
8898f2fb02e3b5b8c5555929772b0e06.jpg,cirriform clouds
902f006a519f52f35fbd4d48d56f2321.jpg,cirriform clouds
963a3de388debde2ecb70400c1b7be8b.jpg,stratiform clouds
a33a59009a2062a5f982542e797ea1ed.jpg,stratocumulus clouds
a4e9b6f83906fce6df2018bb21931f48.jpg,cirriform clouds
aceebfb276c8dee57a13b09793aedd8c.jpg,cumulonimbus clouds
afa35b5f9cadb2dfaa9d7da7b35ef47f.jpg,cirriform clouds
b1323a84517dff18bfef25722ed33fd1.jpg,cirriform clouds
b1514ea007afcd04f154b928a2ee3989.jpg,cirriform clouds
b5558ffb91b9d97f59ad82f58014c5a3.jpg,cumulus clouds
b5c0e507ba293b45af612f2503a2e1ed.jpg,high cumuliform clouds
b66456dfb4d7e096fb773d3f3b355e32.jpg,cirriform clouds
b6dd92ca64aaae899a6c70761d24c2c0.jpg,cirriform clouds
b824c727654e450aa9605ba3e49cabb1.jpg,cirriform clouds
b8aa16f5f90cab34d3b58e03fcd9721e.jpg,cirriform clouds
b8cb14ce341662a0f4c3f929c754edb5.jpg,cirriform clouds
bb7f12eb3c73389dfd51b4239e254f66.jpg,clear sky
bbbcf35f939eab9b470baac0a779c715.jpg,cirriform clouds
c07839a6bf3390b8e776283c2db4e3c2.jpg,clear sky
c0ee089e28d7e472d4ac0339aef38891.jpg,cirriform clouds
c15e9fc1127aa0df5e151ada69da234d.jpg,cirriform clouds
c5b7d408ef517b8bda47ad49cd2a2165.jpg,cirriform clouds
c6a5ba010bf0fbd49e8b5de4f4dc262b.jpg,cirriform clouds
c8860b3721e87e2e150fc7d0510e554c.jpg,cirriform clouds
c8aac2691068ab17f8ac023c643b8632.jpg,cumulus clouds
c9202b88a14337623662c280d76b2941.jpg,cirriform clouds
ca6921c72d873ba72be9722c58da5d2e.jpg,cirriform clouds
cab1e3eb05d7aacffe3ce3a350c21d65.jpg,clear sky
cd531e942722c381fcfdc5af9a87d255.jpg,cirriform clouds
cfbd1c689f3a338c221babbce8e72c0b.jpg,clear sky
d05b59ba3bd55cea66952a2ffedd3175.jpg,cirriform clouds
d600d29083c166a3c4eb6a5e12de5355.jpg,clear sky
d973f08dbc803eb043d194d3437c14b7.jpg,cirriform clouds
dbfbda391472dae78277107b40b2c39f.jpg,cirriform clouds
ddb6dcdc503906cba2c0c2d071e4aeb5.jpg,cirriform clouds
df08b8d71d12140282f2beb646451014.jpg,cirriform clouds
e07c0be19c2d0f8eb6b510382bd9320a.jpg,cirriform clouds
e583c3a0f78fe861c5be3cf0520deaf2.jpg,cirriform clouds
e65e4a053be5ae92d05adf2f7a866175.jpg,cirriform clouds
e8c0505c9b3964bf3722660429fea7be.jpg,cirriform clouds
ea2546b18e354c09a68b0c9dc04bba6d.jpg,stratocumulus clouds
ea7bb97e177c5de3d831ddb9b9c0419b.jpg,clear sky
ed38f3b696ea6d4eaab88e70ef472d73.jpg,cirriform clouds
ee015d9c0c12d3d867f35f905911cb81.jpg,cirriform clouds
ee2d93a20ec417986135e10bd3b60ad8.jpg,cirriform clouds
f1cee011095f5fa12b1138e2b86edceb.jpg,cumulus clouds
f54a6b95b457d0e8e9eddc540319f54a.jpg,cirriform clouds
f8b398e8530d6550f91b416d409b4793.jpg,cirriform clouds
f96656eb25a7f84c79121b178425b65f.jpg,cirriform clouds
fbcac513b5bde685e7ee9f8b43db203b.jpg,cirriform clouds
fd0425401498e1d2c9d6fff1ef7edf18.jpg,cirriform clouds
fd6dcb86339f9ba02dff174942fbbb41.jpg,cirriform clouds
fd9e0601f19ae3fa671ce81ec4c74a5a.jpg,cirriform clouds
ff3141c14731904dc1e1c34b56dc8500.jpg,cirriform clouds
11290f469604d269e66c5b895eaac44c.jpg,clear sky
24205d8abd534cee30d6780ec18e0c58.jpg,clear sky
275821a1d3bf63f92118577aa983c258.jpg,clear sky
299826aa376f8ccea4f1a31196913062.jpg,clear sky
305736af6a6363dbda8078e17f6a3674.jpg,clear sky
38824054cbe759150b7b02e03772fbb4.jpg,clear sky
40319c00bef70501390df919afee84ea.jpg,clear sky
438867fc30820d65450d20df1ec0abaf.jpg,clear sky
571042782d85b0ba9c491f4c7122f732.jpg,clear sky
5712385dfdb36349c70c59d539557eb1.jpg,clear sky
651982edcb11e0bf32caacd35f2691f2.jpg,clear sky
66042654267e55394ebe73f20d91d648.jpg,clear sky
67271646fb44a2ba4421a687d6c0f5c4.jpg,clear sky
69409fca0fd75697f057c4030d0dc3fe.jpg,clear sky
7005c412646303aaa58da1861a4ebc09.jpg,clear sky
7521ad422e4d04ac175e30dde6944c68.jpg,clear sky
7582d38f656084c18efdb325f60d8d49.jpg,clear sky
76272b6cc11fc3fcd76ae1e1269b31d2.jpg,clear sky
7681d2d01a45f677f1087da485b4dfc3.jpg,clear sky
78770fa28f421537ac3698cf3702636b.jpg,clear sky
8472cfb16eedf7fe4315e32bb57d3ae7.jpg,clear sky
912483ab537bff05794a572490bdc646.jpg,clear sky
9640839be51208d93e1c6e43e7701fd9.jpg,clear sky
a30b42805e75a59694bc3288e4b5ac81.jpg,clear sky
a34b2c2474b196577a4d022bc0e2ffdc.jpg,clear sky
a9dc12acbb2ffc634074128ddcbe59f5.jpg,clear sky
ab0315bdd731e0a3831ca9c83ee55690.jpg,clear sky
abf4f90c7d5c19ba82de0a853c1564c0.jpg,clear sky
ad11a969db9f8efc117590e65ae05e40.jpg,clear sky
add680224f854f122b8d1b6c61cdf8a5.jpg,clear sky
b0d65837c4a201b366a9e1e9f4238f44.jpg,clear sky
b234a3a4a212709a224f2e3cc088caea.jpg,clear sky
b780578b4f2b3dc82ee35d482fdda94d.jpg,cirriform clouds
b91bbc28e18b8853aaff5c207f16438d.jpg,clear sky
bb323187bceec845d6dff4763f9db550.jpg,clear sky
bd2537d03023e104a534b9ecc7ebe3d4.jpg,clear sky
bde2e3c9c81427bca0184fd7534cf5f7.jpg,clear sky
c11ff11154167b7183db3e3a4a9d67b4.jpg,clear sky
c5ed4c5307a2b022baae28bfa00f83cd.jpg,clear sky
cdf4fa3f20d69d45911d7428f4a9d805.jpg,clear sky
d1e98777b3b671d4042ce15d7b42b015.jpg,clear sky
d3fb683966fa12ade5cac38d72925c09.jpg,clear sky
d67e08e594d1993137202c2a8bdf4c29.jpg,clear sky
d8163eef2b3464bf23ee2310e1a8577d.jpg,clear sky
d9b9f2213b2beff025aaa2503635358f.jpg,clear sky
db0c563c59115a6e69b148f0c90ca68c.jpg,clear sky
dc43d32d2abd078c43015c8cbeb5a112.jpg,clear sky
def00a2f0b82fe7b7922ba525b37b909.jpg,clear sky
df3bd4cffc259c46d38b13b6e1623b1e.jpg,clear sky
df9e42c3ea8665cc676859d05690daf3.jpg,clear sky
dfb785332849f8803b674f639102a395.jpg,clear sky
e1ed9c7c2ced70937f1aa4505ffd99e8.jpg,clear sky
e3e973f41e0753900776192efb988898.jpg,clear sky
e8ca909083b27c53025a79783cb52c38.jpg,clear sky
ea101aeae95660047d929a5cd0251f86.jpg,clear sky
eebaf114be0362666ccfb5fecefa79a3.jpg,clear sky
ef22da2f24e11c7a6895c5d513272bfb.jpg,clear sky
f41f8ccaa8ab0b0b1ef5a29ed5feedef.jpg,clear sky
f47a075f559e128aad71aedb4ca88108.jpg,clear sky
f6aba5551f01238c2f674fe4ecae2076.jpg,clear sky
f85eff41f534e5eb41ccb2f285036717.jpg,clear sky
fa7f8e7f06a0696d80a4dfe3f274a7e8.jpg,clear sky
fc56d45d261f7c3c605fd556f8d6bee6.jpg,clear sky
ffa3cbb184a31629dae0554e8083d814.jpg,clear sky
c2340cdc7d40d5ad33927e9be8383954.jpg,cumulonimbus clouds
d1643a71861331179df9c8f55b37be7c.jpg,cumulus clouds
d9775468ff896b35ffc0e0bb82442fa5.jpg,cumulonimbus clouds
dd6f785821b16297fffb82b236ebc41d.jpg,cumulus clouds
e74bb34886f93384c58ae9c65e986db2.jpg,cumulonimbus clouds
ebc7b36b0cdb8efdca3a7101903be714.jpg,cumulonimbus clouds
ee0351d96022afb52a510a052ea8ed9a.jpg,cumulonimbus clouds
f240469f04372c1eabcd34a2c18f702b.jpg,cumulus clouds
f2ae6e6dad3aca1004455bb1491e40af.jpg,cirriform clouds
f36dd4cd7cb13163ff11813a3803dbcc.jpg,cumulonimbus clouds
f5d3ad4da9ba712e5463976b34565d17.jpg,cumulonimbus clouds
0378d60929903ccdfedbf03de27b5fc7.jpg,cumulus clouds
0589ba468b9bd048a9d7e4ab591d91c0.jpg,cumulus clouds
080810c86c74ef6f6c86a4059e33e298.jpg,cumulus clouds
08295fadc535dd63d21a1159b73b1a85.jpg,cumulus clouds
08299f0592201a5fe2e729a8bc547b44.jpg,cumulus clouds
08360e4394dcabbc3f3797a84a4b3416.jpg,cumulus clouds
0860f30137aeb2a848ac552abea1b2bb.jpg,cumulus clouds
0975883d5f7238cf0741acf2891d5cb0.jpg,high cumuliform clouds
105b873b85f869497a2ca28fc772cc85.jpg,cumulus clouds
129db13380da6e7ccb43f5888e6241d0.jpg,cumulus clouds
141adb18881c25341e9dc709a47c4ab8.jpg,cumulus clouds
164148a0dd95ccb4cdf297e05080fdb1.jpg,cumulus clouds
174dbd2e3a223a0d2414b3427e088e1f.jpg,cumulus clouds
1794428ae1d7a9d39cdb6256e26058e0.jpg,cirriform clouds
1993afc8260f35793a561fd1cf1bf2e7.jpg,stratocumulus clouds
19957a21f539c518ce793661eefc04d6.jpg,cumulus clouds
265026362d70a15f7a380e335c99815f.jpg,stratocumulus clouds
286ab454f57d0368cb05409c3b966e8b.jpg,cumulus clouds
293536f1cadbf5f77d50bf7bb9e4d8cd.jpg,cumulus clouds
30479ec9323ee2a9be43868291ec35bb.jpg,cumulus clouds
316f352458d92372e3d88ac08dfb33c5.jpg,stratiform clouds
323d1a16fc924fafc46fe86b207851cd.jpg,cumulus clouds
334a29d040ef1e708b78f33f3565d631.jpg,cumulus clouds
357402a310e30df56d7be551a83f096f.jpg,cumulus clouds
360885253a561166497914fa9b710ab8.jpg,cumulus clouds
3780c8f5484d6be197fd85107e101657.jpg,cumulus clouds
41877a6af2ccc9554a0ebdfe5753b852.jpg,stratocumulus clouds
4844c38f174d58429ac94a53ef586064.jpg,cirriform clouds
5180c05e0422197e9580286a640ca2fc.jpg,cumulus clouds
52642b4a67f4c876e172f0304d26ae88.jpg,cumulus clouds
54260d6bafabb6708b19b6ca42161677.jpg,cumulonimbus clouds
5613f2bbbb58974e562bb48dfb9413f3.jpg,cumulus clouds
591b0de220cfd5d4b1091e6138219767.jpg,cumulus clouds
6150ea7e410d61faee79a221fe8395cc.jpg,cumulus clouds
66893d3af9a849a4353eb7af7b6cb4ff.jpg,cirriform clouds
68328f64f5a69b4cd57b6897c9e7fbc5.jpg,cumulus clouds
7071f01d0334a591fb64588ff33d6449.jpg,cumulus clouds
72db75571dd1639c303031d5e92fe3a0.jpg,cumulus clouds
73378edbe48a4ad9a26304de6390abce.jpg,cumulus clouds
73411a50b7ff30b864f5cf0a3555772f.jpg,cumulus clouds
7490d8df05c44dfc3cc9ef8cd6d0779e.jpg,cumulus clouds
75cbf18bbd8dbc27f4f2c2e10d7f1d7d.jpg,cumulus clouds
75e0f7314dac4954e85cc9b74a7c4b12.jpg,cumulus clouds
772fbca7d82fef16a64c25b8e9cfc7e4.jpg,cumulus clouds
77882b6f2fea65717f60a6006cd63f5c.jpg,cumulus clouds
7792b84abf6207d1866d673ab6353b99.jpg,cumulus clouds
77b11a013926dc8a7e7f1b04a132e95f.jpg,cumulus clouds
77f7c63624f0c28d43dfd401863c6e40.jpg,cumulus clouds
797d8de53fcf456ed9dac89789dbcde2.jpg,cumulus clouds
811d3e072692443bfcb1a9b72d3fed04.jpg,cumulus clouds
82b875673ebfae08cb88aa8d0375129e.jpg,cumulus clouds
84dee104869ab361407fefdabb84310a.jpg,cumulus clouds
8558f14c6bf4a4bc671f085127c4ab8a.jpg,cumulus clouds
8586ebd9454273ae0130cec65f35cae3.jpg,cumulus clouds
85b9eab3a9e0e56176d3167343d04dd2.jpg,cirriform clouds
87aef36a2cb39556b30b500f3039a2db.jpg,cumulus clouds
898f38257dd59247420cf7b824ead8b3.jpg,high cumuliform clouds
91b649542a4676eea5d42657dda8a053.jpg,cumulus clouds
91b708010110828a9a830c5fc21fa4dc.jpg,cumulus clouds
94be2b26d644fc45ea8226fb619c7058.jpg,cumulus clouds
974849b8ce156947910bc675d6285372.jpg,stratocumulus clouds
99d0e43db4266a3fa61012507a6305db.jpg,cumulus clouds
99f0bac8c388fe0d6d0db616899f82de.jpg,cumulus clouds
a1155b4649d5a6a5ce2df69189bf19f2.jpg,stratocumulus clouds
a3015f703c3efd7ed3adc2ac96560960.jpg,cirriform clouds
a6a1677f1b363545fa76f477c43c3a26.jpg,cumulus clouds
a7543de836926b56c171b8f9c626f15d.jpg,stratocumulus clouds
abd5cad71ccd28ce8506dd64b641e5e0.jpg,cumulus clouds
ac394501a250a32d0db356a5f0d8d63b.jpg,cumulus clouds
ac682e8c0e00e026a37e259064a0b905.jpg,cumulus clouds
ae41a29983fa576bf8377260e04727e1.jpg,stratiform clouds
ae80ad65172c2f8fd11321202c068f7c.jpg,cumulus clouds
af9593e6e80fa6b7e16564c51ae816f9.jpg,cirriform clouds
b12feab537abf332f24a67ff38318970.jpg,cumulus clouds
b165c061990c60c15a517715f297b8a7.jpg,cumulus clouds
b1ffadc899820daafdd8cc64f5be6baf.jpg,cumulus clouds
b32b59a287e3ffa4b35d4bd343429e14.jpg,cumulus clouds
b39fa4528498c1b6ed284ef308c975d9.jpg,cumulus clouds
b4872774dd88c7c91a5bf396a4a67544.jpg,cumulus clouds
b55af3892707428eb5e2bf26ee196440.jpg,cumulus clouds
b56bcfb149bb57c261a8b077333b79b5.jpg,cumulus clouds
b99699cc27e2f95c17ddff43d6331f20.jpg,cumulus clouds
bc404ae32e3947babc3dec9a3c7eb0f3.jpg,cumulus clouds
c1a496621e16219818ffca4474da531b.jpg,cumulus clouds
c3e19ee67b28e2fb8aa0a21f55493000.jpg,cumulus clouds
c400aa07ea2e76fd25d4221026e828fe.jpg,cumulus clouds
c4cb009a529c3b52b943648a800a73e4.jpg,cumulus clouds
c772fa91ab2a30518f2107a2b1d95bac.jpg,stratiform clouds
ca8626c818bc43981aea427ae5395e76.jpg,stratocumulus clouds
cc9fa3b5a0cb12553289f6cf4e68b2d0.jpg,cumulus clouds
ccac0d90ff5da5627aa1922fbbf3c093.jpg,cumulus clouds
cfe78b30c22b68340e69cff056b0e37e.jpg,cumulus clouds
d063157a00e82d571d30d0408e556c39.jpg,cumulus clouds
d0a5813747a35616869187a9b00f339d.jpg,cumulus clouds
d1cda119ebac3da1f045b97c6504cc4f.jpg,cumulus clouds
d1d0440a1beb6ddb9395042c8de5186e.jpg,cumulus clouds
d2c47a473293de4b97012f82cf30a83a.jpg,cumulus clouds
da4832db2a4c48434bc7f669f93d45de.jpg,cumulus clouds
da99d9d57f85a3aa7e82a7a1a4d9b8da.jpg,cumulus clouds
dd06e124be409284a1a4be45aee66f2c.jpg,stratocumulus clouds
ddf8bb2040c450315eaad03616b1f66d.jpg,stratocumulus clouds
e0cf8cf7b04fe763da69c617a0a7f874.jpg,cumulus clouds
e0d4a80855365ab1e1474cd05e00f0ff.jpg,stratocumulus clouds
e428b7624677a0aa69788e35b5839840.jpg,cumulus clouds
e467558de8ea85265739778f4c92065c.jpg,cumulus clouds
e9429c1551f0e5d70303f7a513168a14.jpg,cumulus clouds
e9b45b3c3581ef95b6904038e428f3eb.jpg,stratocumulus clouds
ea07ce396db8234609162bb58806a8a2.jpg,stratocumulus clouds
ea293660400e31be18966d20dbc35d95.jpg,cumulus clouds
eba41f3ef7334728d94852e1f1eee5a9.jpg,cirriform clouds
f140e8b248e27bb2ca10ffde09ef6013.jpg,cumulus clouds
f164dae2e2cdd4e5411e93a8dc95d142.jpg,cumulus clouds
f1d60fa5f9a1e13a0f09af84b3c52405.jpg,cumulus clouds
f2b1846dfae55de52c1137058bc3d181.jpg,cumulus clouds
f8bded86feb8ae6d8477d16f94c4ada8.jpg,stratiform clouds
f8f0337252c5af532ce0be194c90415a.jpg,cumulus clouds
fa738e7d8f8c482a59c32eeec3f1c133.jpg,cumulus clouds
faf4c40ad7bc2bb949bebad56ab19c54.jpg,cumulus clouds
fefb47f2fa18a7aaad2864637f66f9f7.jpg,cumulus clouds
ff4468dfa7f34e3f53dbfd71b6641e61.jpg,cumulus clouds
01792a965dafa0a325b971f8853edf50.jpg,high cumuliform clouds
02443d3595ec28c2efbb64600e4cf776.jpg,cirriform clouds
03189ecb86e6ab50a52b4219079ec281.jpg,high cumuliform clouds
106f37f65e58f75fa8d500b2852b1bcd.jpg,high cumuliform clouds
109723a32436ba648f23658d9e105a06.jpg,high cumuliform clouds
141866306a68d173244bbaba043789f6.jpg,high cumuliform clouds
152e2d84bb2131580a09aaba62e4164d.jpg,high cumuliform clouds
1533655f3f5a5113154353001b414751.jpg,high cumuliform clouds
164f99bb395f7ed7dcc5955ece4f0bd0.jpg,high cumuliform clouds
2342732be51d1a30f078c7f2a831d47c.jpg,high cumuliform clouds
27475eba9bb1199576c78e2da47078a7.jpg,high cumuliform clouds
27d53f04b649f1f274be3ee83e33c9d7.jpg,high cumuliform clouds
2974460e128a20a98291ee5d47711746.jpg,high cumuliform clouds
336d4c3d66441e1b7e6f9e6d1235545c.jpg,high cumuliform clouds
3414fdfb059847638ea2db9cfadc6c7c.jpg,high cumuliform clouds
415a96a2b055652bf5e772d142e56264.jpg,high cumuliform clouds
42872a485c5f699c8f05ea9d2fff9b7f.jpg,high cumuliform clouds
42aff31bbe77b5954359bde0d494a434.jpg,high cumuliform clouds
4310af542179c7ef112c744ede927788.jpg,high cumuliform clouds
501a528487d7eab02ed309a175ec9aba.jpg,stratocumulus clouds
51c9aa18be3d94cf50f8fb6fb7e118aa.jpg,high cumuliform clouds
53d019d4661916afaf61a4c9182b75ea.jpg,high cumuliform clouds
54792c3291f9bcb7fe3e8ae41fef8dd7.jpg,high cumuliform clouds
553fed6e8150a7492e13b594141fed24.jpg,high cumuliform clouds
57dd009f2acabe96a15f46ac66434dee.jpg,high cumuliform clouds
58e8ad4f88c25003747e744a9a7bf565.jpg,high cumuliform clouds
597d77e06d81b86d15ff0ae593d78b1a.jpg,high cumuliform clouds
598759968953b3531699c9eb9af94691.jpg,cirriform clouds
612dcdf5d978b621e5e69c293da803ca.jpg,high cumuliform clouds
707893f1613a2f824eb64e9063a4d57f.jpg,high cumuliform clouds
7360ef1dc8be8b09e7b597343143300c.jpg,cirriform clouds
75860c7f14836cacfa5a8b042e00a955.jpg,high cumuliform clouds
76fc445102d84f47fcf4f0473ed3dda0.jpg,high cumuliform clouds
78941cf349770e8b710923b07566a6c7.jpg,high cumuliform clouds
78cf37ead811ec5bd428186d952e0454.jpg,high cumuliform clouds
80a24c16cf7434c90324eb5fbda4d141.jpg,high cumuliform clouds
81023f1611c1175febc7f166f8d51d50.jpg,high cumuliform clouds
81a00a7bc96a1f7ad3c9bd7985c4c47e.jpg,high cumuliform clouds
8245d0cda7c088392abeb608b8061c29.jpg,stratocumulus clouds
84e8bda3a9bedf113c3893bc5134efca.jpg,high cumuliform clouds
862dbf280aea2ec4c2fe4fb1a42bd930.jpg,stratocumulus clouds
87f7b53cc7e9ce9e01bc9fd1a691a18f.jpg,high cumuliform clouds
8989be70528a5ff4cfa6d098afb5722e.jpg,high cumuliform clouds
9156300a80179d978ad098d29e972954.jpg,high cumuliform clouds
94bf98115df23d6a5b5e1689055bd5e5.jpg,high cumuliform clouds
96aa7120d7980ff73c8189a53d557295.jpg,high cumuliform clouds
9843db0b4bc6034d9c7ad1a55aaf2d9d.jpg,high cumuliform clouds
9914c3b4aaf1da91b887c128df6ff2a1.jpg,stratocumulus clouds
99e6b6b0945f5ee512e413d57dd65fda.jpg,high cumuliform clouds
a0e190432c14c02173904f67159e57ba.jpg,stratiform clouds
a171225f5b72a645fd5c56d9593dd47c.jpg,cirriform clouds
aaf3f915b9a88873253725e96280c044.jpg,high cumuliform clouds
ab54250f50b559b9e18d169b5d3b9c8a.jpg,high cumuliform clouds
ab69e46244721177362fb3b60c698755.jpg,high cumuliform clouds
b15d57cb17e0f6ca66369c77223897d4.jpg,high cumuliform clouds
b5b0d7268eb95282a012ed4262818cde.jpg,high cumuliform clouds
b66a6d71d4e1648154b3ef85340dd82e.jpg,stratocumulus clouds
b97aa38742beaa9ac4ca757160027f98.jpg,high cumuliform clouds
ba0dfdd329ae92fd6da8569a197d8a82.jpg,cirriform clouds
ba3a65c202aee81960ac1203ff5bb265.jpg,high cumuliform clouds
bc1df4bce0eed3131953af72b975a74e.jpg,high cumuliform clouds
bc573abf4b8acff09aa57dfb65c6e72f.jpg,high cumuliform clouds
bca5a8d293f91b7289953049c3776cce.jpg,high cumuliform clouds
c0114cf258c9e94fc6ebbed5e1e899ae.jpg,stratocumulus clouds
c0d7e35b23f1cc52dc602fd9a50bdab6.jpg,stratocumulus clouds
c208bafbb897ebf7cdd6f86140b50872.jpg,high cumuliform clouds
c3fa25598b33c3f1b721d42df6623b44.jpg,high cumuliform clouds
c431514db9ac576ffba237adff6a3227.jpg,high cumuliform clouds
c7a647f699677dee34591a70d8957c82.jpg,high cumuliform clouds
c80cc46746e8096f33dbdc8fba26a5ba.jpg,high cumuliform clouds
cba00cad208647ce1fdbc6130d23c180.jpg,high cumuliform clouds
cf59d8c0c31d40e71c303d6a59e6eb3e.jpg,stratocumulus clouds
d2361cf60bab2836e7e86f75842b7e38.jpg,cirriform clouds
d2d5335fb48a0c41fd96b46a030c6c59.jpg,cirriform clouds
d3a775de7f39a49ff751abef4059ea44.jpg,high cumuliform clouds
d6734903239a58ac88db3de6a63f9dde.jpg,high cumuliform clouds
d746b1bfb73606252dc4d9a16cd88a24.jpg,high cumuliform clouds
d9745aeefb40c5a53e44b95bba6a35a5.jpg,stratocumulus clouds
db0b634499e3cfaeaa7935e2aabd7fc2.jpg,high cumuliform clouds
de37057a013ba2f0fbaf48aae4609f30.jpg,high cumuliform clouds
de5c5213b0434330b095b29427fbaac4.jpg,stratocumulus clouds
de7f80954048c06d624376aeadc8b071.jpg,high cumuliform clouds
e03562d53da2ed3e611bc86f787591b1.jpg,high cumuliform clouds
e04dd17ca05cbcb0a06fda1f9ed5e745.jpg,high cumuliform clouds
e0c251853170a2be935c2891310c7004.jpg,high cumuliform clouds
e0f3f7ea89be08c718076e55db6eda10.jpg,high cumuliform clouds
e7851f0e725e1a7955a15aeb3642396a.jpg,clear sky
e8909e6f5bd6baf1c40b5f7f7f77e0f8.jpg,high cumuliform clouds
e8a6a1d46e6e5819d22b22986104a9c2.jpg,high cumuliform clouds
eaaa57b170796df3ec5bc8cfbbf6af02.jpg,high cumuliform clouds
ec41ed55111e9174805fc8c59390fd18.jpg,cirriform clouds
eea9f7b64b2427b22ba73ce9516f1038.jpg,high cumuliform clouds
f18d631f6a37d3e2a8e0d91bea426dfb.jpg,high cumuliform clouds
f31e32160a756a3dcb2bfddfd17291b6.jpg,cirriform clouds
f33de03c97e1c28627bba297c4c34c06.jpg,cirriform clouds
f4072f533076ebc9488703dd821e0c2a.jpg,high cumuliform clouds
f56a6067f01b9dfb87be1b9ed486b9b4.jpg,high cumuliform clouds
f5760fcbcc9cfc2ddb41c8b6e834fcc2.jpg,high cumuliform clouds
f6faecc05527923a65023641cc035190.jpg,high cumuliform clouds
f9cc566da5ed67c0300a58bdde3316df.jpg,stratocumulus clouds
fabd7672eabcb63d031354657072431e.jpg,high cumuliform clouds
fb50b2f55884b90de14c5383dacaefb6.jpg,high cumuliform clouds
fbe1494ffa2f02366c829f8be6fe28bd.jpg,high cumuliform clouds
02124996ed770278a5c65eab8e26af73.jpg,stratiform clouds
05540968919859edfefbcc4732b35481.jpg,stratiform clouds
1073458924746c5b26b403bc91337560.jpg,stratiform clouds
60671a5cdde2392047d64dad8dc6b62c.jpg,stratiform clouds
62269d4d124e34890c08939e5bf4f7aa.jpg,stratiform clouds
637539ac9b39653384b84fff06f53629.jpg,stratiform clouds
71302415b2f8addfbf56502ecfafc1fd.jpg,stratiform clouds
7866774402eebfca9111eb876abc3d4a.jpg,stratiform clouds
8263016d9704ac34d71400f650779667.jpg,stratiform clouds
97049911ac55728802db3369a2671167.jpg,stratiform clouds
a0497836bf58ab29e91d8e197049563d.jpg,stratiform clouds
a2001246158539bce9187c26a4c0ce54.jpg,stratiform clouds
a23d19e5ec774ca539301f2a5bdd4967.jpg,stratiform clouds
a395b57e6c3a6f227495fae215345bae.jpg,stratiform clouds
a42475f36c7123a695d4f14b501e2646.jpg,stratiform clouds
a4d0b727b3f4f8c1e1ed63dde455dcba.jpg,stratiform clouds
a5d94dc43c546af9435ee5d03660065e.jpg,cirriform clouds
a691b350ac247ddaff356b33f9a52bd4.jpg,stratiform clouds
aa61807587ec600a41d3d07d1856c8a0.jpg,stratiform clouds
ac1b605f2efc0bbd652c8457c1bfdf75.jpg,stratiform clouds
b2712f6f4c7b7a6dbd8e71183b6108de.jpg,stratiform clouds
bab7c398024c6995bf94bc6d489e7247.jpg,stratiform clouds
bc241636cc4a758c5613d0ee7a7c5737.jpg,stratiform clouds
c11e99e1710042d3c096812bc5f78956.jpg,stratiform clouds
c5fe63ae58b846d8eb82176b7ab865ea.jpg,stratiform clouds
cbddf47fcf0a61f9bdde390c7844ccfb.jpg,stratiform clouds
cdf5e1364a7909cd7c8ab9846bcd95ab.jpg,stratiform clouds
cec73cc88c98f783cf348b75ee1d689a.jpg,stratiform clouds
d44f6d61cd476de1817b7328d7186b36.jpg,stratiform clouds
d5a6efe7dd493cbd8b69c2bcd582fd0a.jpg,stratiform clouds
e73290a57a1d6df968f568b091be4bf5.jpg,stratiform clouds
e8a4f75db574a7a97612cd2231c9b999.jpg,stratiform clouds
eae9a19a435190e5598707ba9cc0022c.jpg,stratiform clouds
ed476d8e5253dc50c49a2a712c9f198e.jpg,stratiform clouds
f1f1c6b7c93e8a76449853725d98f451.jpg,stratiform clouds
f366bf7fe8ab99c63e0d843af9feb974.jpg,stratiform clouds
f3886ac3cc1aaee957d8dc0aa8c8c31d.jpg,stratiform clouds
f80b081f0fc6a8fef16a74d822921e96.jpg,stratiform clouds
fbdece3c321b6fcd4561613520e34453.jpg,stratiform clouds
fe2bb73efe02e55b05aae68483991fca.jpg,stratiform clouds
0160747c269d59ebd907850f91b575b5.jpg,stratocumulus clouds
11376cf9152aacd150e86b460bf00819.jpg,stratocumulus clouds
17280997cc3d33c1cf3ed5781ab20423.jpg,stratocumulus clouds
2150ce0624776273d876daae24293ec4.jpg,stratocumulus clouds
21894cc37483b81278821bdd9be78c75.jpg,high cumuliform clouds
294bc8905511189f805042a516730723.jpg,stratocumulus clouds
3547bd234135c26ad18d197dcb543aec.jpg,stratocumulus clouds
356fc97bb11e34c240cdd32c544ddcce.jpg,stratocumulus clouds
387c1f094ff9b8fdf74e393bd9b88825.jpg,stratocumulus clouds
434dbb5e2cf12144245a45d0a8328c52.jpg,stratocumulus clouds
5112d2d624d7590c7dd2f698071d989d.jpg,high cumuliform clouds
58031afcf0239a139937a3f0b8d01522.jpg,stratocumulus clouds
675e67a41de2d2a8e8fb6a872336ee1d.jpg,stratocumulus clouds
7119e1f60bf5b3cb227c2eb15733eb76.jpg,stratocumulus clouds
7183b6b75ce23f694354974fbdc1545c.jpg,stratocumulus clouds
72513f39fe6f4f906ef3d3dd82d8e1d8.jpg,stratocumulus clouds
72619270d74d7120e8f8447d2d458a1b.jpg,stratocumulus clouds
746798bb202c57a60b52fae99890b3ac.jpg,stratocumulus clouds
755cb527bf83e7be05003a94b49c9fd9.jpg,stratocumulus clouds
7724000cfd5dd44251fe4019fe3999e1.jpg,stratocumulus clouds
8311c5d8b9497b5c9f021a53a8d779fb.jpg,stratocumulus clouds
83545c37649b9bbce56062af29ce71c7.jpg,stratocumulus clouds
847a3096651bb564617b783095fc2c5d.jpg,stratocumulus clouds
8920b3174ea2dcb43a0aed69a7ebcc9e.jpg,stratocumulus clouds
913958ab7770447e241f23a7d45e30f7.jpg,stratocumulus clouds
958d45900252ab645a1fa90b735a26b6.jpg,stratocumulus clouds
97118f1e8d63c2188dcb363a30e4be3e.jpg,stratocumulus clouds
986eaa311c496f09a8c7a28cf5b0c00f.jpg,stratocumulus clouds
a1fbec67fd44bdf3e2042c8a49f08036.jpg,stratocumulus clouds
a3979fa059d97fe460c9a8b935c44240.jpg,stratocumulus clouds
a5200ddec013a41487f20d68599fc5da.jpg,stratocumulus clouds
a56471b41a40607021b62d9e39cfff62.jpg,stratocumulus clouds
a5c0751ff2b1474dd4bbd29dafdfd346.jpg,stratocumulus clouds
a6d1c3b86279c54afd4e2fdf0b88111a.jpg,stratocumulus clouds
a776c1050c032d6ee878e733d289e029.jpg,stratocumulus clouds
ae2f4257c5cff49881e50c0e717a94d4.jpg,cirriform clouds
aef2cdd2a9646144d55112055af87987.jpg,stratocumulus clouds
b260bf4ebb529bd0b4041a69c22c323b.jpg,stratocumulus clouds
b56b71a9b834634a4128ac1f284890b9.jpg,high cumuliform clouds
b5fdaffb823b3f939ada69417c5196a4.jpg,stratocumulus clouds
ba661f017e310bee3f88724410cb6591.jpg,high cumuliform clouds
bb36a8ef1db355e17d368270cc9b1bed.jpg,stratocumulus clouds
bcd7cf6ab6202aee643c167a1e8d51f5.jpg,high cumuliform clouds
bd50b8bf44a94eee9964b0cb366c779b.jpg,stratocumulus clouds
bdde942e7fa9414cd4fe726561442d06.jpg,stratocumulus clouds
be0d913e56da99686d1885a8868bfbb4.jpg,high cumuliform clouds
bea53198b9cbb05067458031ebd1bef3.jpg,stratocumulus clouds
c0145ab2506fbfc658e299115d667f43.jpg,stratocumulus clouds
c7b3b07e9ccb48e1ceee7c3fc9bbfc97.jpg,high cumuliform clouds
c854805fc3aae4b671e77ae335fb3ed9.jpg,stratocumulus clouds
c85fb2efb28e507387729e800afcb209.jpg,stratocumulus clouds
ca228cd10cec47c67582216abe3c119b.jpg,stratocumulus clouds
cc5348a08721f586d5275ea558c4aa74.jpg,stratocumulus clouds
cf6adb4ac74ede301ca2447d829f309a.jpg,high cumuliform clouds
db348dd751eb2f684a90fe17a603177b.jpg,high cumuliform clouds
db58efdc915eaa9c401fa5e904306de4.jpg,stratocumulus clouds
dc16621de5d46690374440db5ed312a2.jpg,stratocumulus clouds
e115f3e1081883e2ad9a3e50270c7fe0.jpg,high cumuliform clouds
e23394393ecaf0cefb9e0e038d8f70c0.jpg,stratocumulus clouds
e82bb36a2b73f556d57215f0a6a8f585.jpg,stratocumulus clouds
e88d1927c5693482c7fab4c33c4dca98.jpg,high cumuliform clouds
eab16d3651b31cd694bf7b984c57d1df.jpg,stratocumulus clouds
eabd0e910d50b1070a84d4e2d72f82f1.jpg,stratocumulus clouds
eb3e67c3977c40ba0a369e0baf065c14.jpg,high cumuliform clouds
ee7bef2031873f56012a5d8147ca13ce.jpg,stratocumulus clouds
f08310a98dfaa0defff6085c62b75d29.jpg,stratocumulus clouds
f4e0e2f295dc6e1cdb1aba6720469233.jpg,stratocumulus clouds
f97215299ad3b201b8a9b7dce228827c.jpg,stratocumulus clouds
fb32e1e7e8264a0c522510c5fe974251.jpg,stratocumulus clouds
fca2ad5aeb38a38d8e33aa9bd484b5ab.jpg,stratocumulus clouds
fdfda2a2cd3ab0fc3f0b1945d84a16cc.jpg,stratocumulus clouds
